{"Basic Information": {"Username": "dbigbee3", "Name": "Darius B", "Creation Date": "2016-11-17 04:36:54 UTC"}, "Device Information": {"Make": "Apple", "Model ID": "iPhone12,5", "Model Name": "iPhone 11 Pro Max", "User Agent": "", "Language": "en", "OS Type": "iOS", "OS Version": "iOS 13.6", "Connection Type": "WIFI, CELL"}, "Device History": [{"Make": "Apple", "Model": "iPhone12,5", "Start Time": "2020-08-05 23:00:00 UTC", "Device Type": "PHONE"}, {"Make": "Motorola", "Model": "moto e5 play", "Start Time": "2019-01-09 22:00:00 UTC", "Device Type": "PHONE"}, {"Make": "ZTE", "Model": "Z839", "Start Time": "2020-01-09 11:00:00 UTC", "Device Type": "PHONE"}, {"Make": "Samsung", "Model": "SM-J327P", "Start Time": "2017-11-08 03:00:00 UTC", "Device Type": "PHONE"}, {"Make": "LGE", "Model": "LGLS775", "Start Time": "2017-03-01 03:00:00 UTC", "Device Type": "PHONE"}, {"Make": "Motorola", "Model": "MotoG3", "Start Time": "2016-11-17 04:00:00 UTC", "Device Type": "PHONE"}], "Privacy Policy and Terms of Service Acceptance History": [], "Custom Creative Tools Terms": [], "Login History": [{"IP": "2601:249:4300:6c30:98f1:4be2:d0ca:912c", "Country": "US", "Created": "2020-08-19 17:29:19 UTC", "Status": "success", "Device": "Mozilla/5.0 (iPhone; CPU iPhone OS 13_6 like Mac OS X) AppleWebKit/605.1.15 (KHTML, like Gecko) Mobile/15E148"}, {"IP": "2601:249:4300:6c30:98f1:4be2:d0ca:912c", "Country": "US", "Created": "2020-08-19 17:29:19 UTC", "Status": "success", "Device": "Mozilla/5.0 (iPhone; CPU iPhone OS 13_6 like Mac OS X) AppleWebKit/605.1.15 (KHTML, like Gecko) Mobile/15E148"}, {"IP": "73.103.79.66", "Country": "US", "Created": "2020-08-05 23:51:38 UTC", "Status": "success", "Device": "Snapchat/10.88.0.60 (iPhone12,5; iOS 13.5.1; gzip)"}, {"IP": "96.64.129.105", "Country": "US", "Created": "2020-04-03 22:01:05 UTC", "Status": "success", "Device": "Snapchat/10.79.1.0 (moto e5 play; Android 8.0.0#13#26; gzip) V/MUSHROOM"}]}