{"Display Name Change": [{"Date": "2016-11-18 07:16:07 UTC", "Display Name": "Darius B"}, {"Date": "2016-11-17 04:36:54 UTC", "Display Name": "Darius Bigbee"}], "Email Change": [{"Date": "2019-06-16 13:31:19 UTC", "Email Address": "dariusbigbee12@gmail.com"}, {"Date": "2017-09-17 12:23:58 UTC", "Email Address": "dariusbigbee@yahoo.com"}], "Mobile Number Change": [{"Date": "2017-09-17 12:23:21 UTC", "Mobile Number": "+13174888192"}, {"Date": "2016-11-17 04:37:13 UTC", "Mobile Number": "+13175319756"}], "Password Change": [], "Snapchat Linked to Bitmoji": [{"Date": "2017-08-13 19:02:16 UTC"}], "Spectacles": [], "Two-Factor Authentication": [], "Account deactivated / reactivated": []}