{"Login History": [{"App": "YOLO", "Time": "2019-08-07 15:47:22 UTC"}, {"App": "YOLO", "Time": "2019-08-29 06:33:29 UTC"}, {"App": "YOLO", "Time": "2019-08-31 04:01:28 UTC"}, {"App": "YOLO", "Time": "2019-10-31 22:16:52 UTC"}, {"App": "LMK", "Time": "2019-11-14 06:30:07 UTC"}, {"App": "Tinder", "Time": "2020-08-14 12:14:53 UTC"}], "Permissions": [{"App": "Bitmoji", "Time": "2019-01-09 22:24:29 UTC", "Type": "Bitmoji"}, {"App": "Bitmoji", "Time": "2019-04-13 23:29:33 UTC", "Type": "Bitmoji"}, {"App": "Tinder", "Time": "2020-08-14 12:14:53 UTC", "Type": "Bitmoji"}, {"App": "YOLO", "Time": "2019-08-07 15:47:23 UTC", "Type": "Display name, Bitmoji"}, {"App": "YOLO", "Time": "2019-08-29 06:33:31 UTC", "Type": "Display name, Bitmoji"}, {"App": "YOLO", "Time": "2019-10-31 22:16:53 UTC", "Type": "Display name, Bitmoji"}, {"App": "YOLO", "Time": "2019-08-31 04:01:29 UTC", "Type": "Display name, Bitmoji"}, {"App": "LMK", "Time": "2019-11-14 06:30:07 UTC", "Type": "Display name, Bitmoji"}], "Connected Applications": []}