{"Friends": [{"Username": "dstanger71", "Display Name": "Darren"}, {"Username": "brandii303", "Display Name": "\ud83d\udc51Brandii\ud83d\udc8b3\ud83d\udd253\ud83d\udc85\ud83c\udffd"}, {"Username": "royjbiv248", "Display Name": "Jessica \"Bruce\""}, {"Username": "lexienatorpie", "Display Name": "Lexie Ritter"}, {"Username": "jenniferalecio", "Display Name": "Jennifer"}, {"Username": "breezyrose112", "Display Name": "Breezy H"}, {"Username": "jazzrain22", "Display Name": "Jazzy Rain\ud83d\ude08\ud83d\ude0d\ud83d\udd25"}, {"Username": "itsssdaniii", "Display Name": "Danielle \ud83c\udf80"}, {"Username": "nateostrand", "Display Name": "Nate Ostrander"}, {"Username": "droconehunid", "Display Name": "droconehunidwinning"}, {"Username": "pradeep_j92", "Display Name": "Pradeep PJ"}, {"Username": "mmoanroe", "Display Name": "SadieSquirtz\ud83d\udca6 \u2764"}, {"Username": "bigbee_d", "Display Name": "Trey Jabari"}, {"Username": "condit45", "Display Name": "Jnak"}, {"Username": "preciouspandora", "Display Name": "Precious Pandora"}, {"Username": "liz811", "Display Name": "Elizabeth"}, {"Username": "angiesanchez693", "Display Name": "Angie"}, {"Username": "bneyhart", "Display Name": "Brooke Neyhart"}, {"Username": "nitahutchinson", "Display Name": "Queen_T"}, {"Username": "claudbomby", "Display Name": "Claud"}, {"Username": "itsmakaylac", "Display Name": "Makayla"}, {"Username": "dbigbee3", "Display Name": "Darius B"}, {"Username": "thebravebunny", "Display Name": "Dawn Arrington"}, {"Username": "nlrachana", "Display Name": "Rachana"}, {"Username": "she_2polo", "Display Name": "BeBe\u203c\ufe0f\ud83d\udc8b"}, {"Username": "mikeo1996", "Display Name": "Michael"}, {"Username": "dbigbee6", "Display Name": "Deuntea"}, {"Username": "kissallfour", "Display Name": "myeishaaa monroe \ud83d\udccd"}, {"Username": "rawritstaaylor", "Display Name": "Taylor Ailes"}, {"Username": "chrishkooc15", "Display Name": "Aarion"}, {"Username": "jordanruthiee", "Display Name": "Jordan Bullard"}, {"Username": "supperdoodles", "Display Name": "Justice Galan"}, {"Username": "shreyarandive", "Display Name": "Shreya"}, {"Username": "zelmore30", "Display Name": "Zachary Elmore"}, {"Username": "cryler27", "Display Name": "Ty Marshall"}, {"Username": "salecio87", "Display Name": "Sue"}, {"Username": "fbigbee1", "Display Name": "Foriest Bigbee"}, {"Username": "la_reyna07", "Display Name": "Reyna \ud83d\udc51"}, {"Username": "yannayaga", "Display Name": "Breyanna"}, {"Username": "sienna_bates", "Display Name": "Sienna\u26a1\ufe0f"}, {"Username": "teamsnapchat", "Display Name": "Team Snapchat"}, {"Username": "crippledpony", "Display Name": "Brittany Lake"}, {"Username": "sshantelle59", "Display Name": "LilOop_669"}, {"Username": "jillianmcclain1", "Display Name": "\ud83d\ude18\ud83d\udc96\ud83d\udcafjunebug \ud83d\udcaf\ud83d\udc96\ud83d\ude18"}, {"Username": "rebeccadeater", "Display Name": "Becca"}, {"Username": "caharris631", "Display Name": "Chantel Harris"}, {"Username": "kmcconville21", "Display Name": "Kerstin McConville"}, {"Username": "queencreeper000", "Display Name": "Maraysia\ud83c\udf41\ud83c\udf42\u2728\ud83c\udf12\ud83d\ude18"}, {"Username": "izzatariq", "Display Name": "Izza Tariq"}], "Friend Requests Sent": [{"Username": "kschwarzzy", "Display Name": "Kendall Schwarz"}, {"Username": "hollly334", "Display Name": "Holly Schneider"}, {"Username": "animegamer51318", "Display Name": "Michael Lula"}, {"Username": "llasminmoore", "Display Name": "Llasmin Soto"}, {"Username": "kriswiggy", "Display Name": "Kristen"}, {"Username": "borokisfofo", "Display Name": "Forrest"}, {"Username": "kelsey.nicole14", "Display Name": "Kelsey"}, {"Username": "jollianyin", "Display Name": "Lixuan Yin"}, {"Username": "cksierra", "Display Name": "Chelsea Kozel"}, {"Username": "imasomebody200", "Display Name": "im-am-a-person 200"}, {"Username": "ilovelife6090", "Display Name": "Shaniah"}, {"Username": "marisa_winner", "Display Name": "Marisa Winner"}, {"Username": "tayhamilton.82", "Display Name": "Taylor Hamilton"}, {"Username": "amanda_marie44", "Display Name": "Amanda Fendel"}, {"Username": "coliepolie85", "Display Name": "Nicole Russell"}, {"Username": "littlebucholz", "Display Name": "Lindsey\u2728"}, {"Username": "crystalwolf51", "Display Name": "\ud83e\udd40A D R I A N A\ud83e\udd40"}, {"Username": "kenzie_landorf", "Display Name": "McKenzie"}, {"Username": "maida.tariq", "Display Name": "Maida Tariq"}, {"Username": "tracesalazar14", "Display Name": "Tracey\ud83c\udf3b"}, {"Username": "adybaby96", "Display Name": "Adrianne Glaser"}, {"Username": "queen_heeatheer", "Display Name": "Heather \ud83e\udd40\ud83e\udd24"}, {"Username": "jeirylisnaimir1", "Display Name": "Jeirylis\ud83c\uddf5\ud83c\uddf7\ud83c\uddf5\ud83c\uddf7"}, {"Username": "shana_nicolee", "Display Name": "Shana\ud83d\ude0b"}, {"Username": "tristinrob99", "Display Name": "Tristy \ud83c\udf55\ud83d\udc18"}, {"Username": "too_boofed", "Display Name": "Papa Deems"}, {"Username": "jlott2398", "Display Name": "Jordan Lott"}, {"Username": "korajansen", "Display Name": "kora Jansen"}, {"Username": "hannahkelly_28", "Display Name": "Hannah"}, {"Username": "therustyhook", "Display Name": "Saman"}, {"Username": "deasialanae", "Display Name": "Cuteass London \ud83d\ude1d\ud83d\udca6"}, {"Username": "yelllowballoons", "Display Name": "SOPH\ud83d\udd77"}, {"Username": "ellenpraught15", "Display Name": "Ellen Praught"}, {"Username": "obabb", "Display Name": "Olivia Babb"}, {"Username": "sophia_alessia", "Display Name": "soph"}, {"Username": "mofoshow", "Display Name": ""}, {"Username": "xxkikikieraxx", "Display Name": "Kieraaaa \ud83d\ude18"}, {"Username": "lachanta_gynae", "Display Name": "lachanta_gynae \ud83d\ude0d"}, {"Username": "moni_gorgeous26", "Display Name": "La'Monica\ud83d\udc8b\ud83d\udc51\ud83d\udcaf"}], "Blocked Users": [], "Deleted Friends": [{"Username": "kittenbubbles", "Display Name": "Zander Storm"}, {"Username": "bobbijowood202", "Display Name": "BobbiJo \ud83c\udf1e \ud83c\udf1e"}, {"Username": "hangrace6345", "Display Name": "Hannah Sullivan"}, {"Username": "dikia317", "Display Name": "Dikia Smartt"}, {"Username": "ccgonzilla", "Display Name": "Chastidy"}, {"Username": "devynnacke", "Display Name": "Devyn"}, {"Username": "sirbakeriv", "Display Name": "kyle"}, {"Username": "afreenpat", "Display Name": "Afreenpat"}, {"Username": "jayvonbasir12", "Display Name": "KiNg JaY\ud83e\udd34\ud83d\udcaf\ud83d\udc4c\ud83d\udcaa\ud83d\udca5\ud83d\udd10"}, {"Username": "bulliesofinsta", "Display Name": "Bulldogs Of Instagram"}, {"Username": "moldystiltdemon", "Display Name": "Leney"}, {"Username": "claud", "Display Name": ""}, {"Username": "lolallex", "Display Name": "lolallex\ud83c\udde8\ud83c\udde6"}, {"Username": "ddgamergirl", "Display Name": ""}, {"Username": "sarahfronek", "Display Name": "Sarah Fronek"}, {"Username": "thedcsportsgirl", "Display Name": "Mia Khalifa"}], "Shortcuts": []}