{"Frequent Locations": [{"City": "west lafayette", "Country": "usa", "Region": "in"}, {"City": "west lafayette", "Country": "usa", "Region": "in"}], "Latest Location": [{"City": "west lafayette", "Country": "usa", "Region": "in"}], "Home & Work": {}, "Daily Top Locations": [], "Top Locations Per Six-Day Period": [], "Location History": [], "Businesses and public places you may have visited": [{"Date": "2020-02-13", "Name": "Kay (Signet)"}, {"Date": "2020-02-13", "Name": "American Eagle Outfitters"}, {"Date": "2020-02-13", "Name": "Sunglass Hut (US)"}, {"Date": "2020-02-13", "Name": "Pink"}, {"Date": "2020-02-13", "Name": "Rue21"}, {"Date": "2020-02-13", "Name": "Applebee's"}, {"Date": "2020-02-13", "Name": "Simon Property Group"}, {"Date": "2020-02-13", "Name": "Kohl's"}], "Areas you may have visited in the last two years": [{"Time": "2018/09/27 18:27:56 UTC", "City": "chicago", "Region": "Illinois", "Postal Code": "47906"}, {"Time": "2018/12/30 23:33:55 UTC", "City": "chicago", "Region": "Illinois", "Postal Code": "60623"}, {"Time": "2018/12/30 21:56:32 UTC", "City": "chicago", "Region": "Illinois", "Postal Code": "60628"}, {"Time": "2018/11/22 04:26:37 UTC", "City": "columbus", "Region": "Ohio", "Postal Code": "43214"}, {"Time": "2018/11/08 00:30:31 UTC", "City": "indianapolis", "Region": "Indiana", "Postal Code": "46218"}, {"Time": "2019/03/10 19:18:11 UTC", "City": "indianapolis", "Region": "Indiana", "Postal Code": "46224"}, {"Time": "2020/07/24 22:27:50 UTC", "City": "indianapolis", "Region": "Indiana", "Postal Code": "46227"}, {"Time": "2018/12/25 02:48:01 UTC", "City": "indianapolis", "Region": "Indiana", "Postal Code": "46229"}, {"Time": "2019/04/12 03:31:54 UTC", "City": "indianapolis", "Region": "Indiana", "Postal Code": "46240"}, {"Time": "2020/01/31 15:14:35 UTC", "City": "indianapolis", "Region": "Indiana", "Postal Code": "46255"}, {"Time": "2019/03/23 17:48:20 UTC", "City": "indianapolis", "Region": "Indiana", "Postal Code": "46260"}, {"Time": "2019/06/06 16:39:58 UTC", "City": "indianapolis", "Region": "Indiana", "Postal Code": "47906"}, {"Time": "2018/11/29 06:03:17 UTC", "City": "detroit", "Region": "Michigan", "Postal Code": "48219"}, {"Time": "2018/11/29 06:05:10 UTC", "City": "detroit", "Region": "Michigan", "Postal Code": "48221"}, {"Time": "2018/11/18 11:14:57 UTC", "City": "omaha", "Region": "Nebraska", "Postal Code": "68107"}, {"Time": "2018/11/18 11:15:59 UTC", "City": "omaha", "Region": "Nebraska", "Postal Code": "68131"}, {"Time": "2019/06/10 01:15:37 UTC", "City": "knoxville", "Region": "Tennessee", "Postal Code": "37929"}, {"Time": "2018/12/27 20:23:42 UTC", "City": "anderson", "Region": "Indiana", "Postal Code": "46013"}, {"Time": "2020/08/15 22:53:33 UTC", "City": "west lafayette", "Region": "Indiana", "Postal Code": "47906"}, {"Time": "2018/12/19 19:49:18 UTC", "City": "west lafayette", "Region": "Indiana", "Postal Code": "47907"}, {"Time": "2019/06/30 17:16:26 UTC", "City": "newark", "Region": "New Jersey", "Postal Code": "07104"}, {"Time": "2020/07/04 00:40:15 UTC", "City": "santa barbara", "Region": "California", "Postal Code": "93110"}, {"Time": "2020/07/22 18:50:16 UTC", "City": "bloomington", "Region": "Indiana", "Postal Code": "47401"}, {"Time": "2018/08/06 22:29:24 UTC", "City": "bloomington", "Region": "Indiana", "Postal Code": "47403"}, {"Time": "2018/12/24 01:58:30 UTC", "City": "montgomery", "Region": "Illinois", "Postal Code": "46052"}, {"Time": "2019/01/03 03:03:30 UTC", "City": "montgomery", "Region": "Illinois", "Postal Code": "60538"}, {"Time": "2019/06/28 16:31:14 UTC", "City": "elkhart", "Region": "Indiana", "Postal Code": "46516"}, {"Time": "2019/03/19 17:41:00 UTC", "City": "elkhart", "Region": "Indiana", "Postal Code": "47906"}, {"Time": "2018/12/20 06:10:52 UTC", "City": "richmond", "Region": "Indiana", "Postal Code": "47374"}]}