[{"Date and time (hourly)": "2020-08-15 15:00:00 UTC", "Search Term": "coliepolie8", "Location": ""}, {"Date and time (hourly)": "2020-08-15 15:00:00 UTC", "Search Term": "coliepolie", "Location": ""}, {"Date and time (hourly)": "2020-08-15 15:00:00 UTC", "Search Term": "coliepoli", "Location": ""}, {"Date and time (hourly)": "2020-08-15 15:00:00 UTC", "Search Term": "coliepol", "Location": ""}, {"Date and time (hourly)": "2020-08-15 15:00:00 UTC", "Search Term": "coliepo", "Location": ""}, {"Date and time (hourly)": "2020-08-15 15:00:00 UTC", "Search Term": "coliep", "Location": ""}, {"Date and time (hourly)": "2020-08-15 15:00:00 UTC", "Search Term": "colie", "Location": ""}, {"Date and time (hourly)": "2020-08-15 15:00:00 UTC", "Search Term": "coli", "Location": ""}, {"Date and time (hourly)": "2020-08-15 15:00:00 UTC", "Search Term": "col", "Location": ""}, {"Date and time (hourly)": "2020-08-15 15:00:00 UTC", "Search Term": "co", "Location": ""}, {"Date and time (hourly)": "2020-08-15 15:00:00 UTC", "Search Term": "c", "Location": ""}, {"Date and time (hourly)": "2020-08-08 20:00:00 UTC", "Search Term": "b", "Location": ""}, {"Date and time (hourly)": "2020-08-08 20:00:00 UTC", "Search Term": "bo", "Location": ""}, {"Date and time (hourly)": "2020-08-08 20:00:00 UTC", "Search Term": "bob", "Location": ""}, {"Date and time (hourly)": "2020-08-08 20:00:00 UTC", "Search Term": "bobb", "Location": ""}, {"Date and time (hourly)": "2020-08-08 20:00:00 UTC", "Search Term": "bobbi", "Location": ""}, {"Date and time (hourly)": "2020-08-08 20:00:00 UTC", "Search Term": "bobbi ", "Location": ""}, {"Date and time (hourly)": "2020-08-08 20:00:00 UTC", "Search Term": "bobbi j", "Location": ""}, {"Date and time (hourly)": "2020-08-08 20:00:00 UTC", "Search Term": "bobbi jo", "Location": ""}, {"Date and time (hourly)": "2020-08-08 20:00:00 UTC", "Search Term": "bobbi j", "Location": ""}, {"Date and time (hourly)": "2020-08-08 20:00:00 UTC", "Search Term": "bobbi ", "Location": ""}, {"Date and time (hourly)": "2020-08-08 20:00:00 UTC", "Search Term": "bobbi", "Location": ""}, {"Date and time (hourly)": "2020-08-08 20:00:00 UTC", "Search Term": "bobb", "Location": ""}, {"Date and time (hourly)": "2020-08-08 20:00:00 UTC", "Search Term": "bob", "Location": ""}, {"Date and time (hourly)": "2020-08-08 20:00:00 UTC", "Search Term": "bo", "Location": ""}, {"Date and time (hourly)": "2020-08-08 20:00:00 UTC", "Search Term": "b", "Location": ""}, {"Date and time (hourly)": "2020-08-08 20:00:00 UTC", "Search Term": "n", "Location": ""}, {"Date and time (hourly)": "2020-08-15 15:00:00 UTC", "Search Term": "mmoanroe", "Location": ""}, {"Date and time (hourly)": "2020-08-15 15:00:00 UTC", "Search Term": "mmoanro", "Location": ""}, {"Date and time (hourly)": "2020-08-15 15:00:00 UTC", "Search Term": "mmoanr", "Location": ""}, {"Date and time (hourly)": "2020-08-15 15:00:00 UTC", "Search Term": "mmoan", "Location": ""}, {"Date and time (hourly)": "2020-08-15 15:00:00 UTC", "Search Term": "mmoa", "Location": ""}, {"Date and time (hourly)": "2020-08-15 15:00:00 UTC", "Search Term": "mmo", "Location": ""}, {"Date and time (hourly)": "2020-08-15 15:00:00 UTC", "Search Term": "mmon", "Location": ""}, {"Date and time (hourly)": "2020-08-15 15:00:00 UTC", "Search Term": "mmo", "Location": ""}, {"Date and time (hourly)": "2020-08-15 15:00:00 UTC", "Search Term": "mm", "Location": ""}, {"Date and time (hourly)": "2020-08-15 15:00:00 UTC", "Search Term": "m", "Location": ""}]