{"Received Snap History": [{"From": "bobbijowood202", "Media Type": "IMAGE", "Created": "2020-08-04 05:51:45 UTC"}, {"From": "bobbijowood202", "Media Type": "IMAGE", "Created": "2020-08-04 05:39:26 UTC"}, {"From": "royjbiv248", "Media Type": "IMAGE", "Created": "2020-08-04 05:22:24 UTC"}, {"From": "royjbiv248", "Media Type": "IMAGE", "Created": "2020-08-01 17:01:55 UTC"}, {"From": "royjbiv248", "Media Type": "IMAGE", "Created": "2020-08-01 16:42:08 UTC"}, {"From": "royjbiv248", "Media Type": "VIDEO", "Created": "2020-08-01 16:41:56 UTC"}, {"From": "royjbiv248", "Media Type": "VIDEO", "Created": "2020-08-01 16:41:50 UTC"}, {"From": "royjbiv248", "Media Type": "VIDEO", "Created": "2020-08-01 16:41:37 UTC"}, {"From": "teamsnapchat", "Media Type": "VIDEO", "Created": "2020-07-30 17:43:16 UTC"}, {"From": "bobbijowood202", "Media Type": "IMAGE", "Created": "2020-07-24 03:44:34 UTC"}, {"From": "bobbijowood202", "Media Type": "IMAGE", "Created": "2020-07-24 00:05:48 UTC"}, {"From": "bobbijowood202", "Media Type": "IMAGE", "Created": "2020-07-23 23:44:56 UTC"}, {"From": "bobbijowood202", "Media Type": "IMAGE", "Created": "2020-07-23 22:39:30 UTC"}, {"From": "bobbijowood202", "Media Type": "IMAGE", "Created": "2020-07-23 21:22:18 UTC"}, {"From": "bobbijowood202", "Media Type": "IMAGE", "Created": "2020-07-23 15:43:06 UTC"}, {"From": "bobbijowood202", "Media Type": "IMAGE", "Created": "2020-07-22 22:03:47 UTC"}, {"From": "bobbijowood202", "Media Type": "IMAGE", "Created": "2020-07-22 21:15:53 UTC"}, {"From": "bobbijowood202", "Media Type": "VIDEO", "Created": "2020-07-22 18:05:42 UTC"}, {"From": "bobbijowood202", "Media Type": "IMAGE", "Created": "2020-07-22 12:20:25 UTC"}, {"From": "bobbijowood202", "Media Type": "IMAGE", "Created": "2020-07-21 11:06:07 UTC"}], "Sent Snap History": [{"To": "royjbiv248", "Media Type": "IMAGE", "Created": "2020-08-01 16:56:18 UTC"}, {"To": "bobbijowood202", "Media Type": "IMAGE", "Created": "2020-07-25 01:46:56 UTC"}, {"To": "bobbijowood202", "Media Type": "IMAGE", "Created": "2020-07-24 23:10:40 UTC"}, {"To": "bobbijowood202", "Media Type": "IMAGE", "Created": "2020-07-23 22:39:00 UTC"}, {"To": "bobbijowood202", "Media Type": "IMAGE", "Created": "2020-07-23 21:21:50 UTC"}, {"To": "bobbijowood202", "Media Type": "IMAGE", "Created": "2020-07-23 21:05:02 UTC"}, {"To": "bobbijowood202", "Media Type": "IMAGE", "Created": "2020-07-23 07:55:38 UTC"}, {"To": "bobbijowood202", "Media Type": "IMAGE", "Created": "2020-07-22 22:02:42 UTC"}, {"To": "bobbijowood202", "Media Type": "IMAGE", "Created": "2020-07-22 21:15:23 UTC"}, {"To": "bobbijowood202", "Media Type": "IMAGE", "Created": "2020-07-22 21:10:47 UTC"}, {"To": "bobbijowood202", "Media Type": "IMAGE", "Created": "2020-07-22 21:09:35 UTC"}, {"To": "bobbijowood202", "Media Type": "IMAGE", "Created": "2020-07-22 16:26:28 UTC"}, {"To": "bobbijowood202", "Media Type": "IMAGE", "Created": "2020-07-22 02:25:22 UTC"}, {"To": "bobbijowood202", "Media Type": "IMAGE", "Created": "2020-07-21 20:47:13 UTC"}, {"To": "bobbijowood202", "Media Type": "IMAGE", "Created": "2020-07-21 11:05:34 UTC"}], "App Story History": []}