{"Your Story Views": [], "Friend and Public Story Views": [{"View": "bobbijowood202", "Media Type": "STORY", "View Date": "2020-08-19 01:24:18 UTC"}, {"View": "bobbijowood202", "Media Type": "", "View Date": "2020-08-19 01:24:18 UTC"}, {"View": "bobbijowood202", "Media Type": "", "View Date": "2020-08-19 01:24:17 UTC"}, {"View": "mmoanroe", "Media Type": "VIDEO", "View Date": "2020-08-19 00:54:27 UTC"}, {"View": "mmoanroe", "Media Type": "VIDEO", "View Date": "2020-08-19 00:54:27 UTC"}, {"View": "mmoanroe", "Media Type": "VIDEO", "View Date": "2020-08-19 00:54:26 UTC"}, {"View": "mmoanroe", "Media Type": "VIDEO", "View Date": "2020-08-19 00:54:26 UTC"}, {"View": "mmoanroe", "Media Type": "VIDEO", "View Date": "2020-08-19 00:54:25 UTC"}, {"View": "mmoanroe", "Media Type": "VIDEO", "View Date": "2020-08-19 00:54:24 UTC"}, {"View": "mmoanroe", "Media Type": "VIDEO", "View Date": "2020-08-19 00:54:23 UTC"}, {"View": "mmoanroe", "Media Type": "", "View Date": "2020-08-19 00:54:22 UTC"}, {"View": "mmoanroe", "Media Type": "", "View Date": "2020-08-19 00:54:21 UTC"}, {"View": "mmoanroe", "Media Type": "", "View Date": "2020-08-19 00:54:20 UTC"}, {"View": "mmoanroe", "Media Type": "VIDEO", "View Date": "2020-08-19 00:54:19 UTC"}, {"View": "mmoanroe", "Media Type": "VIDEO", "View Date": "2020-08-19 00:54:18 UTC"}, {"View": "mmoanroe", "Media Type": "", "View Date": "2020-08-19 00:54:17 UTC"}, {"View": "mmoanroe", "Media Type": "VIDEO", "View Date": "2020-08-18 21:37:00 UTC"}, {"View": "mmoanroe", "Media Type": "VIDEO", "View Date": "2020-08-18 21:36:59 UTC"}, {"View": "mmoanroe", "Media Type": "", "View Date": "2020-08-18 21:36:59 UTC"}, {"View": "mmoanroe", "Media Type": "", "View Date": "2020-08-18 21:36:56 UTC"}, {"View": "mmoanroe", "Media Type": "VIDEO", "View Date": "2020-08-18 21:36:54 UTC"}, {"View": "mmoanroe", "Media Type": "", "View Date": "2020-08-18 21:36:54 UTC"}, {"View": "mmoanroe", "Media Type": "", "View Date": "2020-08-18 21:36:52 UTC"}, {"View": "mmoanroe", "Media Type": "VIDEO", "View Date": "2020-08-18 21:36:52 UTC"}, {"View": "mmoanroe", "Media Type": "", "View Date": "2020-08-18 21:36:51 UTC"}, {"View": "mmoanroe", "Media Type": "", "View Date": "2020-08-18 21:36:51 UTC"}, {"View": "caharris631", "Media Type": "STORY", "View Date": "2020-08-15 22:52:15 UTC"}, {"View": "caharris631", "Media Type": "", "View Date": "2020-08-15 22:52:15 UTC"}, {"View": "caharris631", "Media Type": "", "View Date": "2020-08-15 22:52:07 UTC"}, {"View": "caharris631", "Media Type": "", "View Date": "2020-08-15 22:52:06 UTC"}, {"View": "caharris631", "Media Type": "VIDEO", "View Date": "2020-08-15 22:52:05 UTC"}, {"View": "caharris631", "Media Type": "", "View Date": "2020-08-15 22:52:04 UTC"}, {"View": "caharris631", "Media Type": "", "View Date": "2020-08-15 22:52:00 UTC"}, {"View": "itsssdaniii", "Media Type": "STORY", "View Date": "2020-08-15 22:51:57 UTC"}, {"View": "itsssdaniii", "Media Type": "VIDEO", "View Date": "2020-08-15 22:51:57 UTC"}, {"View": "itsssdaniii", "Media Type": "VIDEO", "View Date": "2020-08-15 22:51:54 UTC"}, {"View": "itsssdaniii", "Media Type": "VIDEO", "View Date": "2020-08-15 22:51:53 UTC"}, {"View": "itsssdaniii", "Media Type": "VIDEO", "View Date": "2020-08-15 22:51:52 UTC"}, {"View": "itsssdaniii", "Media Type": "VIDEO", "View Date": "2020-08-15 22:51:52 UTC"}, {"View": "itsssdaniii", "Media Type": "VIDEO", "View Date": "2020-08-15 22:51:51 UTC"}, {"View": "sshantelle59", "Media Type": "STORY", "View Date": "2020-08-15 22:51:49 UTC"}, {"View": "sshantelle59", "Media Type": "", "View Date": "2020-08-15 22:51:49 UTC"}, {"View": "royjbiv248", "Media Type": "STORY", "View Date": "2020-08-15 22:51:47 UTC"}, {"View": "royjbiv248", "Media Type": "", "View Date": "2020-08-15 22:51:47 UTC"}, {"View": "royjbiv248", "Media Type": "", "View Date": "2020-08-15 22:51:46 UTC"}, {"View": "mmoanroe", "Media Type": "STORY", "View Date": "2020-08-15 22:51:44 UTC"}, {"View": "mmoanroe", "Media Type": "VIDEO", "View Date": "2020-08-15 22:51:44 UTC"}, {"View": "mmoanroe", "Media Type": "VIDEO", "View Date": "2020-08-15 18:40:46 UTC"}, {"View": "mmoanroe", "Media Type": "STORY", "View Date": "2020-08-15 18:40:46 UTC"}, {"View": "mmoanroe", "Media Type": "VIDEO", "View Date": "2020-08-15 18:40:46 UTC"}, {"View": "mmoanroe", "Media Type": "VIDEO", "View Date": "2020-08-15 18:40:45 UTC"}, {"View": "mmoanroe", "Media Type": "", "View Date": "2020-08-15 18:40:45 UTC"}, {"View": "mmoanroe", "Media Type": "VIDEO", "View Date": "2020-08-15 18:40:44 UTC"}, {"View": "mmoanroe", "Media Type": "VIDEO", "View Date": "2020-08-15 18:40:44 UTC"}, {"View": "mmoanroe", "Media Type": "VIDEO", "View Date": "2020-08-15 18:40:42 UTC"}, {"View": "mmoanroe", "Media Type": "STORY", "View Date": "2020-08-15 18:36:58 UTC"}, {"View": "mmoanroe", "Media Type": "VIDEO", "View Date": "2020-08-15 18:36:58 UTC"}, {"View": "royjbiv248", "Media Type": "STORY", "View Date": "2020-08-15 17:54:58 UTC"}, {"View": "royjbiv248", "Media Type": "VIDEO", "View Date": "2020-08-15 17:54:54 UTC"}, {"View": "royjbiv248", "Media Type": "VIDEO", "View Date": "2020-08-15 17:54:53 UTC"}, {"View": "royjbiv248", "Media Type": "VIDEO", "View Date": "2020-08-15 17:54:52 UTC"}, {"View": "royjbiv248", "Media Type": "VIDEO", "View Date": "2020-08-15 17:54:52 UTC"}, {"View": "royjbiv248", "Media Type": "VIDEO", "View Date": "2020-08-15 17:54:51 UTC"}, {"View": "royjbiv248", "Media Type": "VIDEO", "View Date": "2020-08-15 17:54:51 UTC"}, {"View": "royjbiv248", "Media Type": "VIDEO", "View Date": "2020-08-15 17:54:49 UTC"}, {"View": "royjbiv248", "Media Type": "VIDEO", "View Date": "2020-08-15 17:54:49 UTC"}, {"View": "mmoanroe", "Media Type": "STORY", "View Date": "2020-08-15 16:42:52 UTC"}, {"View": "mmoanroe", "Media Type": "VIDEO", "View Date": "2020-08-15 16:42:52 UTC"}, {"View": "mmoanroe", "Media Type": "", "View Date": "2020-08-15 16:42:51 UTC"}, {"View": "mmoanroe", "Media Type": "VIDEO", "View Date": "2020-08-15 16:42:50 UTC"}, {"View": "mmoanroe", "Media Type": "VIDEO", "View Date": "2020-08-15 16:42:50 UTC"}, {"View": "mmoanroe", "Media Type": "VIDEO", "View Date": "2020-08-15 16:42:49 UTC"}, {"View": "mmoanroe", "Media Type": "VIDEO", "View Date": "2020-08-15 16:42:42 UTC"}, {"View": "mmoanroe", "Media Type": "VIDEO", "View Date": "2020-08-15 15:44:18 UTC"}, {"View": "mmoanroe", "Media Type": "VIDEO", "View Date": "2020-08-15 15:44:17 UTC"}, {"View": "mmoanroe", "Media Type": "VIDEO", "View Date": "2020-08-15 15:44:13 UTC"}, {"View": "mmoanroe", "Media Type": "STORY", "View Date": "2020-08-15 15:44:11 UTC"}, {"View": "mmoanroe", "Media Type": "VIDEO", "View Date": "2020-08-15 15:44:11 UTC"}, {"View": "mmoanroe", "Media Type": "STORY", "View Date": "2020-08-15 15:32:32 UTC"}, {"View": "mmoanroe", "Media Type": "", "View Date": "2020-08-15 15:32:32 UTC"}, {"View": "mmoanroe", "Media Type": "", "View Date": "2020-08-15 15:32:31 UTC"}, {"View": "mmoanroe", "Media Type": "STORY", "View Date": "2020-08-15 15:31:09 UTC"}, {"View": "mmoanroe", "Media Type": "VIDEO", "View Date": "2020-08-15 15:31:09 UTC"}, {"View": "mmoanroe", "Media Type": "VIDEO", "View Date": "2020-08-15 15:31:07 UTC"}, {"View": "mmoanroe", "Media Type": "VIDEO", "View Date": "2020-08-15 15:31:06 UTC"}, {"View": "mmoanroe", "Media Type": "", "View Date": "2020-08-15 15:31:06 UTC"}, {"View": "mmoanroe", "Media Type": "VIDEO", "View Date": "2020-08-15 15:31:05 UTC"}, {"View": "mmoanroe", "Media Type": "VIDEO", "View Date": "2020-08-15 15:31:05 UTC"}, {"View": "mmoanroe", "Media Type": "VIDEO", "View Date": "2020-08-15 15:30:57 UTC"}, {"View": "royjbiv248", "Media Type": "STORY", "View Date": "2020-08-09 21:18:03 UTC"}, {"View": "royjbiv248", "Media Type": "", "View Date": "2020-08-09 21:18:03 UTC"}, {"View": "itsssdaniii", "Media Type": "STORY", "View Date": "2020-08-07 10:45:20 UTC"}, {"View": "itsssdaniii", "Media Type": "VIDEO", "View Date": "2020-08-07 10:45:20 UTC"}, {"View": "itsssdaniii", "Media Type": "VIDEO", "View Date": "2020-08-07 10:45:17 UTC"}, {"View": "claudbomby", "Media Type": "STORY", "View Date": "2020-08-07 10:45:04 UTC"}, {"View": "claudbomby", "Media Type": "VIDEO", "View Date": "2020-08-07 10:45:04 UTC"}, {"View": "kmcconville21", "Media Type": "STORY", "View Date": "2020-08-07 10:44:49 UTC"}, {"View": "kmcconville21", "Media Type": "VIDEO", "View Date": "2020-08-07 10:44:49 UTC"}, {"View": "kmcconville21", "Media Type": "", "View Date": "2020-08-07 10:44:48 UTC"}, {"View": "kmcconville21", "Media Type": "", "View Date": "2020-08-07 10:44:44 UTC"}, {"View": "sshantelle59", "Media Type": "STORY", "View Date": "2020-08-07 10:44:41 UTC"}, {"View": "sshantelle59", "Media Type": "VIDEO", "View Date": "2020-08-07 10:44:41 UTC"}, {"View": "sshantelle59", "Media Type": "VIDEO", "View Date": "2020-08-07 10:44:40 UTC"}, {"View": "sshantelle59", "Media Type": "VIDEO", "View Date": "2020-08-07 10:44:40 UTC"}, {"View": "sshantelle59", "Media Type": "VIDEO", "View Date": "2020-08-07 10:44:38 UTC"}, {"View": "sshantelle59", "Media Type": "VIDEO", "View Date": "2020-08-07 10:44:38 UTC"}, {"View": "sshantelle59", "Media Type": "VIDEO", "View Date": "2020-08-07 10:44:37 UTC"}, {"View": "sshantelle59", "Media Type": "VIDEO", "View Date": "2020-08-07 10:44:36 UTC"}, {"View": "sshantelle59", "Media Type": "VIDEO", "View Date": "2020-08-07 10:44:35 UTC"}, {"View": "bobbijowood202", "Media Type": "STORY", "View Date": "2020-08-05 20:25:27 UTC"}, {"View": "bobbijowood202", "Media Type": "VIDEO", "View Date": "2020-08-05 20:25:24 UTC"}, {"View": "bobbijowood202", "Media Type": "VIDEO", "View Date": "2020-08-05 20:25:22 UTC"}, {"View": "royjbiv248", "Media Type": "", "View Date": "2020-08-04 05:26:17 UTC"}, {"View": "royjbiv248", "Media Type": "STORY", "View Date": "2020-08-04 05:26:17 UTC"}, {"View": "royjbiv248", "Media Type": "STORY", "View Date": "2020-08-01 16:42:24 UTC"}, {"View": "royjbiv248", "Media Type": "VIDEO", "View Date": "2020-08-01 16:42:13 UTC"}, {"View": "royjbiv248", "Media Type": "VIDEO", "View Date": "2020-08-01 16:42:12 UTC"}, {"View": "bobbijowood202", "Media Type": "STORY", "View Date": "2020-07-24 22:27:49 UTC"}, {"View": "bobbijowood202", "Media Type": "", "View Date": "2020-07-24 22:27:47 UTC"}, {"View": "bobbijowood202", "Media Type": "VIDEO", "View Date": "2020-07-24 22:27:45 UTC"}, {"View": "bobbijowood202", "Media Type": "", "View Date": "2020-07-22 21:09:41 UTC"}, {"View": "bobbijowood202", "Media Type": "STORY", "View Date": "2020-07-22 21:09:41 UTC"}, {"View": "no name", "Media Type": "STORY", "View Date": "2020-07-22 18:50:23 UTC"}, {"View": "sshantelle59", "Media Type": "", "View Date": "2020-07-22 18:50:22 UTC"}, {"View": "sshantelle59", "Media Type": "", "View Date": "2020-07-22 18:50:18 UTC"}, {"View": "sshantelle59", "Media Type": "", "View Date": "2020-07-22 18:50:17 UTC"}, {"View": "royjbiv248", "Media Type": "STORY", "View Date": "2020-07-22 18:50:16 UTC"}, {"View": "royjbiv248", "Media Type": "", "View Date": "2020-07-22 18:50:11 UTC"}]}