{"Snap Inc. Terms of Service": [{"Version": "Snap Terms of Service - February 18, 2019", "Acceptance Date": "2019-02-25 23:19:37 UTC"}, {"Version": "Snap Privacy Policy & Terms of Service - September 30, 2019", "Acceptance Date": "2019-10-08 00:48:10 UTC"}, {"Version": "Snap Privacy Policy & Terms of Service - January 10, 2017", "Acceptance Date": "2017-02-12 07:17:12 UTC"}, {"Version": "Memories Terms of Service", "Acceptance Date": "2016-11-17 04:37:37 UTC"}, {"Version": "Snap Privacy Policy & Terms of Service - September 26, 2017", "Acceptance Date": "2017-10-08 05:08:54 UTC"}, {"Version": "Snap Privacy Policy & Terms of Service - September 26, 2016", "Acceptance Date": "2016-11-17 04:36:54 UTC"}], "Custom Creative Tools Terms": [], "Business Services Terms": [], "Games Terms": []}