{"App Profile": {"Country": "US", "Creation Time": "2016-11-17 04:36:54 UTC", "Account Creation Country": "US", "Platform Version": "IOS", "In-app Language": "en_US"}, "Demographics": {"Cohort Age": "AGE_25_TO_34", "Derived Ad Demographic": "MALE"}, "Subscriptions": [], "Engagement": [{"Event": "Direct Snaps Created", "Occurrences": 20}, {"Event": "Chats Sent", "Occurrences": 319}, {"Event": "Snap Sends", "Occurrences": 15}, {"Event": "Story Ads Viewed", "Occurrences": 12}, {"Event": "Application Opens", "Occurrences": 222}, {"Event": "Story Views", "Occurrences": 26}, {"Event": "Snaps Viewed in a Story", "Occurrences": 92}, {"Event": "Geofilter Story Snaps Viewed", "Occurrences": 19}, {"Event": "Chats Viewed", "Occurrences": 227}, {"Event": "Direct Snaps Viewed", "Occurrences": 2}, {"Event": "Snap Views", "Occurrences": 19}], "Discover Channels Viewed": [{"Channel Name": "Bitmoji"}], "Breakdown of Time Spent on App": ["Camera: 2.56%", "Discover: 0.60%", "Map: 0.03%", "Messaging: 76.58%", "Others: 19.14%", "Profile: 1.08%"], "Ads You Interacted With": [{"Advertiser Name": "Z Lifestyle LLC", "Date": "2019-07-29"}, {"Advertiser Name": "DerekJolleyMedia", "Date": "2019-08-06"}, {"Advertiser Name": "GoPuff", "Date": "2019-09-07"}, {"Advertiser Name": "Clover Dating App", "Date": "2019-10-11"}, {"Advertiser Name": "Omnicom Media Group Holdings Inc.", "Date": "2019-10-26"}, {"Advertiser Name": "Activehours", "Date": "2019-11-17"}, {"Advertiser Name": "First Media", "Date": "2019-12-07"}, {"Advertiser Name": "Appspartner B.V.", "Date": "2020-08-01"}], "Interest Categories": ["Pizza Lovers", "Collegiates", "Big Box Store Buyers", "Black Friday Buyers", "Techies & Gadget Fans", "Last 12 Months Buyers - Apple", "Casual Dining Buyers - Red Lobster", "Last 12 Months Buyers - Ticketmaster", "Health Clubs & Store Buyers - Weight Watchers", "Valentines Day Buyers", "eCommerce Buyers - Amazon - All Buyers", "Casual Dining Buyers - Logans Roadhouse", "Electronics Buyers - Heavy Buyers", "Airline Buyers - Light Buyers", "Credit & Rewards Card Buyers - Credit Revolvers", "Comedy Fans", "Department Store Buyers - JC Penney", "Business Travelers", "Cable Services Buyers - DirecTV", "Department Store Shoppers", "Telecom Buyers - Sprint Products and Services", "Supermarket Buyers - All Buyers", "Last 12 Months Buyers - Walmart", "Telecom Buyers - ATT Products or Services", "Fast Food Buyers - Little Caesars", "Supermarket Buyers - Ralphs Kroger", "Baseball Fans", "Cooking Enthusiasts", "Fast Food Buyers - McDonalds", "Car Rental Buyers - Light Buyers", "Home Improvement Buyers - Lowes", "Last 12 Months Buyers - Bass Pro", "Automotive Enthusiasts", "Teen & Young Adult Genre Fans", "Health & Beauty Buyers", "Drug Store Buyers - CVS Pharmacy", "Family Genre Fans", "Supermarket Buyers - King Soopers Kroger", "Last 12 Months Buyers - Nike", "Travel Buyers", "Back To School Buyers - Electronic Stores", "Last 12 Months Buyers - Walgreens", "Mobile Category Buyers - All Buyers", "Shoe Store Buyers - DSW", "Burger Lovers", "Cable Services Buyers - Time Warner Cable", "Fast Food Buyers - Taco Bell", "Online Shoppers", "Home Improvement Buyers - Home Depot", "Shoppers", "Console & PC Gamers", "Casual Dining Buyers - Red Robin", "Pet Store Buyers - Dog Food", "Gas Store Buyers - Shell", "Last 12 Months Buyers - Nordstrom", "Last 12 Months Buyers - Gamestop", "Home Product Buyers", "Drug Store Buyers - Rite Aid", "Chat Fiction Enthusiasts", "Electronics Buyers - Best Buy - All Buyers", "Fast Food Buyers - Dunkin Donuts", "Casual Dining Buyers - Applebees", "Last 12 Months Buyers - Pier1", "Mother's Day Buyers - Department Store", "Shoe Store Buyers - All Buyers", "Last 12 Months Buyers - Airbnb", "Women's Fashion Shoppers", "Credit & Rewards Card Buyers - Air Hotel Travel Rewards", "Back To School Buyers - Eyeglasses", "Casual Dining Buyers - Light Buyers", "Labor Day Buyers - Movie Theaters", "Fast Food Buyers - Jimmy Johns", "Pet & Animal Lovers", "Credit & Rewards Card Buyers - Wallet Top 2", "Electronics Buyers - ABT Electronics", "Hipsters & Trendsetters", "Gas Store Buyers - All Buyers", "Auto Product Buyers", "New Phone Seekers", "Last 12 Months Buyers - Budget", "Casual Dining Buyers - Buffalo Wild Wings", "Investors & Entrepreneurs", "Cyber Monday Online Buyers", "OReilly Auto Buyers", "Fast Food Buyers - Pizza Hut", "Apparel Store Buyers - Nike", "Casual Dining Buyers - Panera Bread", "Valentines Day Buyers - Drug Stores", "Casual Dining Buyers - Heavy Buyers", "Logistics Buyers", "Sharp-Dressed Men", "Entertainment Buyers", "Last 12 Months Buyers - Petco", "Video Streaming Buyers - All Buyers", "Fast Food Buyers - Heavy Buyers", "Credit & Rewards Card Buyers - New Cards 7 to 12 Months", "Sneakerheads", "Travel Enthusiasts", "Back To School Buyers", "Restaurants Buyers", "Men's Lifestyle", "Logistics Buyers - UPS", "Last 12 Months Buyers - Amazon", "Book Store & Learning Buyers", "Fast Food Buyers - Dominos Pizza", "Apparel Store Buyers - TJ Maxx", "Holiday Buyers - Sporting Goods", "Pet Store Buyers - Cat Food", "Apparel Store Buyers - Coach", "Last 12 Months Buyers - Vitamin Shoppe", "Credit & Rewards Card Buyers - Wallet Top 10", "Fast Food Buyers - Dairy Queen", "Apparel Buyers", "Fast Food Junkies", "Sporting Goods Buyers - Dicks Sporting Goods", "Advocates & Activists", "Holiday Online Buyers - Electronics", "Drug Store Buyers - Walgreens", "Back To School Buyers - Book Stores", "Department Store Buyers - Neiman Marcus", "Shoe Store Buyers - Heavy Buyers", "Car Rental Buyers - All Buyers", "Gas Store Buyers - Marathon Petro", "Back To School Buyers - Bicycle Shops", "Club Warehouse Buyers - Sams", "Apparel Store Buyers - Burlington Coat Factory", "Romance & Rom-Com Fans", "Fast Food Buyers - Light Buyers", "Cable Service Buyers - Comcast", "Car Rental Buyers - Hertz", "Electronics Buyers - Best Buy - Heavy Buyers", "Fathers Day Buyers", "Last 12 Months Buyers - Payless", "Tax Services Buyers - TurboTax", "Airline Buyers - Delta", "Last 12 Months Buyers - Lyft", "Last 12 Months Buyers - Target", "Discount & Thrifty Shoppers", "Music Streaming Buyers - Sirius Satellite Radio", "Business News Watchers", "Apparel Store Buyers - Express", "Credit & Rewards Card Buyers - New Cards 6 Months", "Last 12 Months Buyers - Bed Bath & Beyond", "Gas Store Buyers - Chevron", "Sporting Goods Buyers", "Hotel & Motel Buyers - All Buyers", "Labor Day Buyers - SportingGoods", "Home Improvement Buyers - Heavy Buyers", "Last 12 Months Buyers - Ikea", "Green Living Enthusiasts", "Casual Dining Buyers - Hooters", "Music Streaming Buyers - All Buyers", "Film & TV Fans", "Fashion & Style Gurus", "Credit & Rewards Card Buyers - Rewards Seeker", "Beauty Mavens", "Last 12 Months Buyers - 1800Flowers", "Foodies", "Credit & Rewards Card Buyers - Any Credit Card", "Insurance Buyers - Light Buyers", "Fast Food Buyers - Subway", "Music Streaming Buyers - Spotify", "eCommerce Buyers - Amazon Prime -", "Holiday Online Buyers - Amazon", "Department Store Buyers - Kohls", "Last 12 Months Buyers - Lowes", "Basketball Fans", "Last 12 Months Buyers - Victorias Secret", "Bookworms & Avid Readers", "Gas Store Buyers - ExxonMobil", "Insurance Buyers - State Farm", "Office Supply Buyers - Office Depot", "Fast Food Buyers - Panda Express", "Casual Dining Buyers - All Buyers", "Fight & Wrestling Fans", "Casual Dining Buyers - Smash Burger", "Last 12 Months Buyers - Jcpenney", "Insurance Buyers - Allstate", "Credit & Rewards Card Buyers - Any Rewards Card", "Apparel Store Buyers - All Buyers", "Do-It-Yourselfers", "Travel Services Buyers - Airbnb", "Department Store Buyers - All Buyers", "Back To School Buyers - Sporting Goods", "Department Store Buyers - Sears", "Fast Food Buyers - Starbucks", "Last 12 Months Buyers - CVS", "Last 12 Months Buyers - Macys", "Discount Buyers - Big Lots", "Hotel & Motel Buyers - Hilton Hampton Inn", "Hair Salon & Spa Buyers - Great Clips", "Big Box Shoppers", "Cordcutters", "Fast Food Buyers - Wendys", "Credit & Rewards Card Buyers - Transactor", "Wellness & Healthy Lifestyle", "Pop Music Fans", "Big Box Store Buyers - Target", "Daily Deal Buyers", "Gamers", "Home Improvement Buyers - All Buyers", "Financial Buyers", "Electronics Buyers - Best Buy - Light Buyers", "Book Store & Learning Buyers - Barnes & Noble", "Cable Services Buyers - Comcast", "Last 12 Months Buyers - Cabelas", "Telecom Buyers - Verizon Products and Services", "Sports Fans", "Insurance Buyers - Heavy Buyers", "Insurance Buyers - Nationwide", "Comics & Animation Fans", "Casual Dining Buyers - Olive Garden", "Supermarket Buyers - Shop Rite", "Pet Store Buyers", "Retail Buyers", "Casual Dining Buyers - Longhorn Steakhouse", "Daily Deal Buyers - Groupon", "Recent Buyers", "Supermarket Buyers - Kroger", "Last 12 Months Buyers - Expedia", "Cable Service Buyers - DirecTV", "Women's Lifestyle", "Fathers Day Buyers - Liquor Stores", "Tax Services Buyers - Quicken", "Hotel & Motel Buyers - Marriott Fairfield Inn", "Halloween Buyers - Cosmetic Stores", "Last 12 Months Buyers - Davids Bridal", "Heavy Holiday Buyers - Electronics", "Health Clubs & Store Buyers", "Convenience Store Buyers", "Department Store Buyers - Nordstrom", "Household Goods & Furniture Store Buyers", "Department Store Buyers - Belk", "Mobile Category Buyers - Heavy Buyers", "Insurance Buyers - All Buyers", "Credit & Rewards Card Buyers - Travel Top 2", "Telecom Buyers - T-Mobile Products and Services", "Fast Food Buyers - All Buyers", "Airline Buyers - All Buyers", "Office Supply Buyers", "Hotel & Motel Buyers - Hilton Embassy Suites", "Last 12 Months Buyers - Dicks Sporting Goods", "Video Streaming Buyers - Netflix", "Casual & Mobile Gamers", "Redbox Buyers", "Last 12 Months Buyers - Hilton Garden Inn", "Halloween Buyers", "Electronics Buyers - All Buyers", "Cable Services Buyers", "Drug Store Buyers", "Convenience Store Buyers - 7-Eleven", "Health Clubs & Store Buyers - Nutrisystem", "Music Streaming Buyers - Heavy Buyers", "Casual Dining Buyers - Potbelly", "Pet Product Buyers", "Gifts & Seasonal Buyers - Michaels", "Fun Trivia & Quiz Fanatics", "Apparel Store Buyers - Forever 21", "Last 12 Months Buyers - Delta", "Credit & Rewards Card Buyers - Travel Top 10", "Fast Food Buyers - Arbys", "DVD Buyer Buyers", "Casual Dining Buyers - Dave & Busters", "Last 12 Months Buyers - Homegoods", "Telecom Buyers - Mobile", "Fast Food Buyers - Chick Fil A", "Club Warehouse Buyers - Costco", "Mother's Day Buyers - Gift Shop", "Hotel & Motel Buyers - Starwood Parent", "Cosmetics Store Buyers - Ulta", "Music Fans", "Fast Food Buyers - Hardees", "Gifts & Seasonal Buyers - Hallmark", "Gas Store Buyers - Sunoco", "Supermarket Buyers - Whole Foods Market", "Last 12 Months Buyers - Adobe", "Mobile Category Buyers - Light Buyers", "Battle Combat & FPS Gamers", "Big Box Store Buyers - Walmart", "Logistics Buyers - FedEx", "Mother's Day Buyers - Apparel", "Last 12 Months Buyers - Uber", "Supermarket Buyers - Hy-Vee", "Tech Buyers", "Back To School Buyers - Education", "Celebrity News Watchers", "Amusement Park Buyers - Disneyland", "eCommerce Buyers - Amazon - Heavy Buyers", "Casual Dining Buyers - IHOP", "Music Streaming Buyers - Light Buyers", "Household Goods & Furniture Store Buyers - Pottery Barn", "Seasonal Buyers", "Car Part Buyers - All Car Parts", "Tax Services Buyers - All Tax Services"], "Geographic Information": [], "Interactions": {"Web Interactions": ["doubleclick.net", "subway.com", "chewy.com", "spotify.com", "nerdwallet.com", "crocs.com", "ubereats.com", "thesmartwallet.com", "jet.com", "grubhub.com", "verizonwireless.com", "wsj.com", "davidsbridal.com", "gnc.com", "meijer.com", "att.com", "plannedparenthood.org", "worldlifestyle.com", "in.gov", "crackle.com", "crackerbarrel.com", "t-mobile.com", "where2getit.com", "skillshare.com", "funnyand.com", "curlmix.com", "assessyourrisk.org", "shareably.net", "fedex.com", "redbubble.com", "thecreditreview.com", "udemy.com", "winred.com", "buzzfeed.com", "zipcar.com", "giphy.com", "xfinity.com", "quora.com", "fubo.tv", "takecareof.com", "mintmobile.com", "vh1.com", "dbltap.com", "withfrank.org", "gopuff.com", "studentfinanceforgiveness.com", "2020census.gov", "jobs-ups.com", "zooquizzes.com", "snapchat.com", "doordash.com", "finddreamjobs.com", "thecut.com", "walmart.com", "rohrmanhonda.com", "buffalowildwings.com", "instacart.com", "watchscoob.com", "buzzfeednews.com", "papajohns.com", "famousfootwear.com", "smiledirectclub.com", "wayfair.com", "relieved.co", "snhu.edu", "wendys-careers.com", "hulu.com", "dominos.com", "vshred.com", "lendingtree.com", "expertjobmatch.com", "shutterfly.com", "spotlightstories.co", "rohrmantoyota.com", "donaldjtrump.com", "sprint.com", "fivebelow.com"], "App Interactions": ["https://play.google.com/store/apps/details?id=com.busuu.android.enc", "https://play.google.com/store/apps/details?id=com.sec.android.app.popupcalculator", "https://play.google.com/store/apps/details?id=com.google.android.apps.books", "https://play.google.com/store/apps/details?id=com.playrix.township", "https://play.google.com/store/apps/details?id=com.gismart.realdrum2free", "https://play.google.com/store/apps/details?id=com.google.android.apps.docs.editors.sheets", "https://play.google.com/store/apps/details?id=org.videolan.vlc", "https://play.google.com/store/apps/details?id=com.uscc.ecid", "https://play.google.com/store/apps/details?id=com.tinder", "https://play.google.com/store/apps/details?id=com.motorola.fmplayer", "https://play.google.com/store/apps/details?id=com.science.yarnapp", "https://itunes.apple.com/us/app/id835599320", "https://play.google.com/store/apps/details?id=com.google.android.apps.photos", "https://play.google.com/store/apps/details?id=com.instantbits.cast.webvideo", "https://play.google.com/store/apps/details?id=com.amazon.clouddrive.photos", "https://play.google.com/store/apps/details?id=com.freegame.solitaire.basic2", "https://play.google.com/store/apps/details?id=com.google.android.videos", "https://play.google.com/store/apps/details?id=com.sololearn", "https://play.google.com/store/apps/details?id=com.facebook.orca", "https://itunes.apple.com/us/app/id1358222641", "https://play.google.com/store/apps/details?id=com.indeed.android.jobsearch", "https://play.google.com/store/apps/details?id=ee.Javelin.SpotlightRoomEscape", "https://play.google.com/store/apps/details?id=com.sec.app.samsungprintservice", "https://play.google.com/store/apps/details?id=com.snapchat.android", "https://play.google.com/store/apps/details?id=com.paysign.app", "https://play.google.com/store/apps/details?id=com.crazylabs.dentist", "https://play.google.com/store/apps/details?id=com.google.android.deskclock", "https://itunes.apple.com/us/app/id447188370", "https://play.google.com/store/apps/details?id=com.deviantart.android.damobile", "https://play.google.com/store/apps/details?id=com.popshow.yolo", "https://play.google.com/store/apps/details?id=com.zenlabs.challenge.situps", "https://play.google.com/store/apps/details?id=com.policydm", "https://play.google.com/store/apps/details?id=com.sololearn.cplusplus", "https://play.google.com/store/apps/details?id=com.game.perfection", "https://play.google.com/store/apps/details?id=com.papajohns.android", "https://play.google.com/store/apps/details?id=com.playgendary.kickthebuddy", "https://play.google.com/store/apps/details?id=com.tripspark.myride.greaterlafayette", "https://play.google.com/store/apps/details?id=com.playgendary.creamaster", "https://play.google.com/store/apps/details?id=com.microsoft.office.outlook", "https://play.google.com/store/apps/details?id=com.gigantic.clawee", "https://play.google.com/store/apps/details?id=com.spotify.music", "https://play.google.com/store/apps/details?id=me.lyft.android", "https://play.google.com/store/apps/details?id=com.google.android.webview", "https://play.google.com/store/apps/details?id=com.apartments.mobile.android", "https://play.google.com/store/apps/details?id=com.fuseboxgames.loveisland", "https://play.google.com/store/apps/details?id=com.chitralekha.tinyiron", "https://play.google.com/store/apps/details?id=com.pnc.ecommerce.mobile", "https://play.google.com/store/apps/details?id=com.android.chrome", "https://play.google.com/store/apps/details?id=com.google.android.apps.paidtasks", "https://play.google.com/store/apps/details?id=com.acorns.android", "https://play.google.com/store/apps/details?id=com.activehours", "https://play.google.com/store/apps/details?id=com.luckyday.app", "https://play.google.com/store/apps/details?id=com.xfinity.cloudtvr", "https://play.google.com/store/apps/details?id=com.motorola.mya", "https://play.google.com/store/apps/details?id=com.google.android.apps.messaging", "https://play.google.com/store/apps/details?id=com.joytunes.simplypiano", "https://play.google.com/store/apps/details?id=air.com.freshplanet.games.songpop2", "https://play.google.com/store/apps/details?id=com.roku.remote", "https://play.google.com/store/apps/details?id=com.kidscrape.king", "https://play.google.com/store/apps/details?id=com.sec.spp.push", "https://play.google.com/store/apps/details?id=com.ma.artball3d", "https://play.google.com/store/apps/details?id=com.ingenio.keen", "https://play.google.com/store/apps/details?id=com.owlreality.zynn", "https://play.google.com/store/apps/details?id=com.madfingergames.deadtrigger2", "https://play.google.com/store/apps/details?id=com.sprint.fng", "https://play.google.com/store/apps/details?id=com.ballgames.woodturning", "https://play.google.com/store/apps/details?id=com.zmobileapps.beardcamlive", "https://play.google.com/store/apps/details?id=com.wonder", "https://play.google.com/store/apps/details?id=com.google.android.apps.maps", "https://play.google.com/store/apps/details?id=com.google.android.youtube", "https://play.google.com/store/apps/details?id=us.current.android", "https://play.google.com/store/apps/details?id=com.google.android.apps.authenticator2", "https://play.google.com/store/apps/details?id=com.google.android.apps.wallpaper", "https://play.google.com/store/apps/details?id=com.gpp.sliceanddice", "https://play.google.com/store/apps/details?id=com.dukeenergy.customerapp.release", "https://itunes.apple.com/us/app/id547702041", "https://play.google.com/store/apps/details?id=com.orbital.brainiton", "https://play.google.com/store/apps/details?id=com.chase.sig.android", "https://play.google.com/store/apps/details?id=com.microsoft.office.word", "https://play.google.com/store/apps/details?id=com.tinyco.potter", "https://play.google.com/store/apps/details?id=com.moocho.moocho", "https://play.google.com/store/apps/details?id=com.groupme.android", "https://play.google.com/store/apps/details?id=com.google.android.gms", "https://play.google.com/store/apps/details?id=com.sololearn.csharp", "https://play.google.com/store/apps/details?id=com.fidosolutions.myaccount", "https://play.google.com/store/apps/details?id=com.sololearn.python", "https://play.google.com/store/apps/details?id=com.fivemobile.myaccount", "https://play.google.com/store/apps/details?id=com.main.gopuff", "https://play.google.com/store/apps/details?id=com.motorola.cameraone", "https://play.google.com/store/apps/details?id=com.zenlabs.challenge.pushups", "https://play.google.com/store/apps/details?id=com.google.android.gm", "https://play.google.com/store/apps/details?id=com.xfinity.digitalhome", "https://play.google.com/store/apps/details?id=com.etermax.preguntados.lite", "https://play.google.com/store/apps/details?id=com.pof.android", "https://play.google.com/store/apps/details?id=com.udemy.android", "https://play.google.com/store/apps/details?id=com.whatsapp", "https://play.google.com/store/apps/details?id=ai.kanghealth", "https://play.google.com/store/apps/details?id=com.pixel.art.coloring.by.number", "https://play.google.com/store/apps/details?id=com.google.android.calendar", "https://play.google.com/store/apps/details?id=com.samsung.android.email.provider", "https://play.google.com/store/apps/details?id=ee.javelin.spotlightroomescape", "https://play.google.com/store/apps/details?id=com.google.android.apps.docs.editors.docs", "https://play.google.com/store/apps/details?id=com.smithmicro.netwise.director.comcast.oem", "https://play.google.com/store/apps/details?id=com.netflix.mediaclient", "https://play.google.com/store/apps/details?id=com.google.android.apps.magazines", "https://play.google.com/store/apps/details?id=com.google.android.play.games", "https://itunes.apple.com/us/app/id836215269", "https://itunes.apple.com/us/app/id283646709", "https://play.google.com/store/apps/details?id=com.wb.headsup", "https://play.google.com/store/apps/details?id=com.google.android.apps.docs.editors.slides", "https://play.google.com/store/apps/details?id=com.zplay.blade", "https://play.google.com/store/apps/details?id=org.lds.ldstools", "https://play.google.com/store/apps/details?id=com.grubhub.android", "https://play.google.com/store/apps/details?id=com.gym.racegame", "https://play.google.com/store/apps/details?id=nn.spiral.notes", "https://play.google.com/store/apps/details?id=com.foxnextgames.storyscape", "https://play.google.com/store/apps/details?id=com.google.android.inputmethod.pinyin", "https://play.google.com/store/apps/details?id=com.samsung.android.app.notes", "https://play.google.com/store/apps/details?id=com.motorola.genie", "https://play.google.com/store/apps/details?id=com.motorola.actions", "https://play.google.com/store/apps/details?id=com.voicetech.voicebox", "https://play.google.com/store/apps/details?id=com.game.sortit3d", "https://play.google.com/store/apps/details?id=com.motorola.motodisplay", "https://itunes.apple.com/us/app/id460177396", "https://play.google.com/store/apps/details?id=com.amazon.mp3", "https://play.google.com/store/apps/details?id=com.instacart.client", "https://play.google.com/store/apps/details?id=com.microsoft.bing", "https://play.google.com/store/apps/details?id=com.particlenews.newsbreak", "https://play.google.com/store/apps/details?id=com.motorola.moto", "https://play.google.com/store/apps/details?id=com.sillens.shapeupclub", "https://play.google.com/store/apps/details?id=com.amazon.kindle", "https://play.google.com/store/apps/details?id=com.pinterest", "https://play.google.com/store/apps/details?id=com.smule.singandroid", "https://play.google.com/store/apps/details?id=com.Slack", "https://play.google.com/store/apps/details?id=com.google.android.tts", "https://play.google.com/store/apps/details?id=com.weddingwire.user", "https://play.google.com/store/apps/details?id=com.sec.android.gallery3d", "https://play.google.com/store/apps/details?id=com.google.android.inputmethod.japanese", "https://play.google.com/store/apps/details?id=com.google.android.marvin.talkback", "https://play.google.com/store/apps/details?id=com.google.android.inputmethod.korean", "https://play.google.com/store/apps/details?id=com.coldapp.at50rooms1", "https://play.google.com/store/apps/details?id=com.google.android.apps.docs", "https://play.google.com/store/apps/details?id=com.life360.android.safetymapd", "https://play.google.com/store/apps/details?id=com.google.android.ims", "https://play.google.com/store/apps/details?id=com.google.android.inputmethod.latin", "https://play.google.com/store/apps/details?id=com.instagram.android", "https://play.google.com/store/apps/details?id=com.facebook.katana", "https://play.google.com/store/apps/details?id=com.google.android.contacts", "https://play.google.com/store/apps/details?id=com.google.android.music", "https://play.google.com/store/apps/details?id=com.nintendo.zara", "https://play.google.com/store/apps/details?id=com.intuit.turbotax.mobile", "https://play.google.com/store/apps/details?id=com.pandora.android", "https://play.google.com/store/apps/details?id=com.portbliss.ipeelgood", "https://play.google.com/store/apps/details?id=com.amazon.mshop.android.shopping", "https://play.google.com/store/apps/details?id=com.onedebit.chime", "https://play.google.com/store/apps/details?id=com.motorola.imagertuning_rjames", "https://play.google.com/store/apps/details?id=com.lhdgames.slaphappy", "https://play.google.com/store/apps/details?id=com.app.downloadmanager", "https://play.google.com/store/apps/details?id=com.linkedin.android", "https://play.google.com/store/apps/details?id=com.goblin.highschoolescape", "https://itunes.apple.com/us/app/id577586159", "https://play.google.com/store/apps/details?id=com.discord", "https://play.google.com/store/apps/details?id=com.tokentransit.tokentransit", "https://play.google.com/store/apps/details?id=com.xfinitymobile.myaccount", "https://play.google.com/store/apps/details?id=com.candywriter.bitlife", "https://play.google.com/store/apps/details?id=com.motorola.ccc.ota", "https://play.google.com/store/apps/details?id=co.clover.clover", "https://play.google.com/store/apps/details?id=com.comcast.cvs.android", "https://play.google.com/store/apps/details?id=com.shazam.android", "https://play.google.com/store/apps/details?id=com.brainpuzzles.roperescue.physicsgames", "https://play.google.com/store/apps/details?id=com.google.android.apps.tachyon", "https://play.google.com/store/apps/details?id=com.duosecurity.duomobile", "https://play.google.com/store/apps/details?id=com.doublefun.waterwash3d", "https://play.google.com/store/apps/details?id=com.wioifewij.colorswipe", "https://play.google.com/store/apps/details?id=com.yahoo.mobile.client.android.mail", "https://play.google.com/store/apps/details?id=jp.gocro.smartnews.android", "https://play.google.com/store/apps/details?id=com.comcast.modesto.vvm.client", "https://play.google.com/store/apps/details?id=com.tencent.ig", "https://itunes.apple.com/us/app/id951627425", "https://play.google.com/store/apps/details?id=com.sec.android.app.sbrowser", "https://play.google.com/store/apps/details?id=com.myklarnamobile", "https://play.google.com/store/apps/details?id=com.bumble.app", "https://play.google.com/store/apps/details?id=com.ubercab", "https://play.google.com/store/apps/details?id=com.gismart.guitar.game.player", "https://play.google.com/store/apps/details?id=com.stash.stashinvest", "https://play.google.com/store/apps/details?id=ai.replika.app", "https://play.google.com/store/apps/details?id=com.zhiliaoapp.musically", "https://play.google.com/store/apps/details?id=com.azure.authenticator", "https://play.google.com/store/apps/details?id=paint.by.number.pixel.art.coloring.drawing.puzzle", "https://play.google.com/store/apps/details?id=com.google.android.apps.cloudprint", "https://play.google.com/store/apps/details?id=com.zc.android", "https://play.google.com/store/apps/details?id=com.ace.android", "https://play.google.com/store/apps/details?id=com.sec.android.inputmethod", "https://play.google.com/store/apps/details?id=com.mcdonalds.app", "https://play.google.com/store/apps/details?id=com.motorola.ccc.notification", "https://play.google.com/store/apps/details?id=com.samsung.android.app.simplesharing", "https://play.google.com/store/apps/details?id=com.google.android.googlequicksearchbox", "https://play.google.com/store/apps/details?id=com.google.android.apps.inputmethod.zhuyin", "https://play.google.com/store/apps/details?id=com.pnc.ecommerce.mobile.vw.android", "https://play.google.com/store/apps/details?id=com.google.android.dialer", "https://play.google.com/store/apps/details?id=game2048.b2048game.twozerofoureight2048.game", "https://play.google.com/store/apps/details?id=tv.twitch.android.app", "https://play.google.com/store/apps/details?id=com.xmgame.savethegirl", "https://itunes.apple.com/us/app/id351727428", "https://play.google.com/store/apps/details?id=com.pocketgeek.android", "https://play.google.com/store/apps/details?id=com.google.android.calculator", "https://play.google.com/store/apps/details?id=com.mimoza.jokefaces&hl=en", "https://play.google.com/store/apps/details?id=com.lookout", "https://itunes.apple.com/us/app/id363590051", "https://play.google.com/store/apps/details?id=com.skype.raider", "https://play.google.com/store/apps/details?id=com.samsung.oh", "https://play.google.com/store/apps/details?id=com.amazon.mShop.android.shopping", "https://play.google.com/store/apps/details?id=mobi.ifunny", "https://play.google.com/store/apps/details?id=com.venmo", "https://play.google.com/store/apps/details?id=com.evilapples.app", "https://play.google.com/store/apps/details?id=com.jellybtn.boardkings", "https://play.google.com/store/apps/details?id=com.paypal.android.p2pmobile", "https://play.google.com/store/apps/details?id=com.nfl.fantasy.core.android", "https://play.google.com/store/apps/details?id=com.contextlogic.wish", "https://play.google.com/store/apps/details?id=com.slack", "https://play.google.com/store/apps/details?id=com.google.android.apps.nbu.files", "https://play.google.com/store/apps/details?id=com.google.android.apps.walletnfcrel", "https://play.google.com/store/apps/details?id=com.bitstrips.imoji", "https://play.google.com/store/apps/details?id=com.dominospizza", "https://play.google.com/store/apps/details?id=com.amazon.avod.thirdpartyclient", "https://play.google.com/store/apps/details?id=com.zenlabs.challenge.squats", "https://play.google.com/store/apps/details?id=com.google.android.launcher"]}, "Mobile Ad Id": ""}